<?xml version="1.0" encoding="utf-8" standalone="no"?>
<ViewContextCollection version="1.1.0" xmlns="http://www.opengis.net/context" xmlns:xlink="http://www.w3.org/1999/xlink" xmlns:xsi="http://www.w3.org/2001/XMLSchema-instance" xsi:schemaLocation="http://www.opengis.net/context/collection.xsd">
	<!-- List of context XML URLs -->
	<ViewContextReference version="1.0.0" id="eos_data_gateways">
		<!-- Human readable title for pick list / select box -->
		<Title>EOS Data Gateways</Title>
		<!-- URL location -->
		<ContextURL>
			<OnlineResource xlink:type="simple" xlink:href="http://cgdi-dev.geoconnections.org/prototypes/contexts/eos_data_gateways.cml"/>
		</ContextURL>
	</ViewContextReference>
	<ViewContextReference version="1.0.0" id="na_weather">
		<Title>North America Weather Today</Title>
		<ContextURL>
			<OnlineResource xlink:type="simple" xlink:href="http://cgdi-dev.geoconnections.org/prototypes/contexts/na_weather.cml"/>
		</ContextURL>
	</ViewContextReference>
</ViewContextCollection>
