<?xml version="1.0" encoding="UTF-8"?>
<ImageCRS xmlns="http://www.opengis.net/gml" xmlns:gml="http://www.opengis.net/gml" xmlns:xlink="http://www.w3.org/1999/xlink" xmlns:xsi="http://www.w3.org/2001/XMLSchema-instance" xsi:schemaLocation="http://www.opengis.net/gml
../../gml/3.1.1/base/coordinateReferenceSystems.xsd" gml:id="ImageC543D041201T084027CRSpixelCenter">
	<!-- Primary editor: Arliss Whiteside. Last updated 2005-09-12-->
	<srsName>Image C543D041201T084027 CRS pixel centers</srsName>
	<srsID>
		<name codeSpace="urn:ogc:def:crs:OGC:1.0:ImageCRSpixelCenter:">C543D041201T084027</name>
		<!-- This name specifies the URN by which this CRS can be referenced. -->
	</srsID>
	<usesCartesianCS xlink:href="urn:ogc:def:cs:OGC:1.0:Grid2dSquareCS"/>
	<usesImageDatum xlink:href="urn:ogc:def:datum:OGC:1.0:ImageDatumPixelCenter"/>
</ImageCRS>
