<?xml version="1.0" encoding="ISO-8859-1"?>
<FeatureTypeStyle version="1.1.0" xsi:schemaLocation="http://www.opengis.net/se/1.1.0/FeatureStyle.xsd" xmlns="http://www.opengis.net/se" xmlns:ogc="http://www.opengis.net/ogc" xmlns:xlink="http://www.w3.org/1999/xlink" xmlns:xsi="http://www.w3.org/2001/XMLSchema-instance"  xmlns:oceansea="http://www.myurl.net/oceansea">
	<FeatureTypeName>oceansea:Foundation</FeatureTypeName>
	<Rule>
		<Name>main</Name>
		<PolygonSymbolizer uom="http://www.opengeospatial.org/sld/units/pixel">
			<Fill>
				<SvgParameter name="fill">#96C3F5</SvgParameter>
			</Fill>
		</PolygonSymbolizer>
	</Rule>
</FeatureTypeStyle>
