<?xml version="1.0" encoding="UTF-8"?>
<!-- 
  External Code List enumerating the values for the attribute RoomUsageType.
  City GML Version No. 1.0.0, January 14th, 2008.
  Compiled by Sandra Schlueter, Joachim Benner, Frank Bildstein, Ruediger Drees,
  Andreas Kohlhaas and Mark Pendlington, 07/11/07

  The lists of the values have to be completed.  
  The dictionary concept of GML 3 is used to represent the values in this file.
  For each of the attributes listed above, the list of all possible values is
  given below.
  The values are represented by a specific code, given by the name qualified
  by the codeSpace="urn:d_nrw_sig3d". The corresponding attribute is given
  by the corresponding name of the definitionMember without codeSpace.
  This is according to the approach in  the german cadastre standard ALKIS.
  The IDs cannot be used to reference attribute values, since they must be
  unique globally (thus, for example. the roof type and the building function
  cannot have the same value 3002) and since IDs are restricted syntactically, 
  e.g. they must start with a character.
  However, the intended use of names is to reflect the different terms of a
  specific notion in different communities, not to reference a entry or value.
  In GML3,IDs are usually used to reference a value (IDs are mandatory in 
  dictionary entries). It has to be clarified finally whether to use names or
  IDs for referencing values.

  The GML IDs are not used. Since they are mandatory, they are generated
  automatically (as sequence of consecuting natural numbers, preceded by the
  prefix ID_). In ALKIS this is prevented by redefining the dictionary concept,
  with a non-mandatory GML ID.
 -->
<gml:Dictionary
        xmlns="http://www.opengis.net/gml"
        xmlns:gml="http://www.opengis.net/gml"
        xmlns:xsi="http://www.w3.org/2001/XMLSchema-instance"
        xsi:schemaLocation="http://www.opengis.net/gml http://schemas.opengis.net/gml/3.1.1/profiles/SimpleDictionary/1.0.0/gmlSimpleDictionaryProfile.xsd" gml:id="RoomUsageType">
  <name>RoomUsageType</name>
  <dictionaryEntry>
    <gml:Definition gml:id="id865">
      <gml:description></gml:description>
      <gml:name codeSpace="urn:d_nrw_sig3d">1000</gml:name>
      <gml:name>living room</gml:name>
    </gml:Definition>
  </dictionaryEntry>
  <dictionaryEntry>
    <gml:Definition gml:id="id866">
      <gml:description></gml:description>
      <gml:name codeSpace="urn:d_nrw_sig3d">1010</gml:name>
      <gml:name>bedroom</gml:name>
    </gml:Definition>
  </dictionaryEntry>
  <dictionaryEntry>
    <gml:Definition gml:id="id867">
      <gml:description></gml:description>
      <gml:name codeSpace="urn:d_nrw_sig3d">1020</gml:name>
      <gml:name>kitchen</gml:name>
    </gml:Definition>
  </dictionaryEntry>
  <dictionaryEntry>
    <gml:Definition gml:id="id868">
      <gml:description></gml:description>
      <gml:name codeSpace="urn:d_nrw_sig3d">1030</gml:name>
      <gml:name>hall</gml:name>
    </gml:Definition>
  </dictionaryEntry>
  <dictionaryEntry>
    <gml:Definition gml:id="id869">
      <gml:description></gml:description>
      <gml:name codeSpace="urn:d_nrw_sig3d">1040</gml:name>
      <gml:name>bath,  washroom</gml:name>
    </gml:Definition>
  </dictionaryEntry>
  <dictionaryEntry>
    <gml:Definition gml:id="id870">
      <gml:description></gml:description>
      <gml:name codeSpace="urn:d_nrw_sig3d">1050</gml:name>
      <gml:name>toilet</gml:name>
    </gml:Definition>
  </dictionaryEntry>
  <dictionaryEntry>
    <gml:Definition gml:id="id871">
      <gml:description></gml:description>
      <gml:name codeSpace="urn:d_nrw_sig3d">1060</gml:name>
      <gml:name>stairs</gml:name>
    </gml:Definition>
  </dictionaryEntry>
  <dictionaryEntry>
    <gml:Definition gml:id="id872">
      <gml:description></gml:description>
      <gml:name codeSpace="urn:d_nrw_sig3d">1070</gml:name>
      <gml:name>home office</gml:name>
    </gml:Definition>
  </dictionaryEntry>
  <dictionaryEntry>
    <gml:Definition gml:id="id873">
      <gml:description></gml:description>
      <gml:name codeSpace="urn:d_nrw_sig3d">1080</gml:name>
      <gml:name>utility room</gml:name>
    </gml:Definition>
  </dictionaryEntry>
  <dictionaryEntry>
    <gml:Definition gml:id="id874">
      <gml:description></gml:description>
      <gml:name codeSpace="urn:d_nrw_sig3d">1090</gml:name>
      <gml:name>dining room</gml:name>
    </gml:Definition>
  </dictionaryEntry>
  <dictionaryEntry>
    <gml:Definition gml:id="id875">
      <gml:description></gml:description>
      <gml:name codeSpace="urn:d_nrw_sig3d">1100</gml:name>
      <gml:name>common room</gml:name>
    </gml:Definition>
  </dictionaryEntry>
  <dictionaryEntry>
    <gml:Definition gml:id="id876">
      <gml:description></gml:description>
      <gml:name codeSpace="urn:d_nrw_sig3d">1110</gml:name>
      <gml:name>party room</gml:name>
    </gml:Definition>
  </dictionaryEntry>
  <dictionaryEntry>
    <gml:Definition gml:id="id877">
      <gml:description></gml:description>
      <gml:name codeSpace="urn:d_nrw_sig3d">1120</gml:name>
      <gml:name>nursery</gml:name>
    </gml:Definition>
  </dictionaryEntry>
  <dictionaryEntry>
    <gml:Definition gml:id="id878">
      <gml:description></gml:description>
      <gml:name codeSpace="urn:d_nrw_sig3d">1130</gml:name>
      <gml:name>store room</gml:name>
    </gml:Definition>
  </dictionaryEntry>
  <dictionaryEntry>
    <gml:Definition gml:id="id879">
      <gml:description></gml:description>
      <gml:name codeSpace="urn:d_nrw_sig3d">1140</gml:name>
      <gml:name>canteen, common kitchen</gml:name>
    </gml:Definition>
  </dictionaryEntry>
  <dictionaryEntry>
    <gml:Definition gml:id="id880">
      <gml:description></gml:description>
      <gml:name codeSpace="urn:d_nrw_sig3d">1150</gml:name>
      <gml:name>storeroom</gml:name>
    </gml:Definition>
  </dictionaryEntry>
  <dictionaryEntry>
    <gml:Definition gml:id="id881">
      <gml:description></gml:description>
      <gml:name codeSpace="urn:d_nrw_sig3d">1160</gml:name>
      <gml:name>balcony, gallery</gml:name>
    </gml:Definition>
  </dictionaryEntry>
  <dictionaryEntry>
    <gml:Definition gml:id="id882">
      <gml:description></gml:description>
      <gml:name codeSpace="urn:d_nrw_sig3d">1170</gml:name>
      <gml:name>terrace</gml:name>
    </gml:Definition>
  </dictionaryEntry>
  <dictionaryEntry>
    <gml:Definition gml:id="id883">
      <gml:description></gml:description>
      <gml:name codeSpace="urn:d_nrw_sig3d">1180</gml:name>
      <gml:name>drying room</gml:name>
    </gml:Definition>
  </dictionaryEntry>
  <dictionaryEntry>
    <gml:Definition gml:id="id884">
      <gml:description></gml:description>
      <gml:name codeSpace="urn:d_nrw_sig3d">1190</gml:name>
      <gml:name>heatingroom</gml:name>
    </gml:Definition>
  </dictionaryEntry>
  <dictionaryEntry>
    <gml:Definition gml:id="id885">
      <gml:description></gml:description>
      <gml:name codeSpace="urn:d_nrw_sig3d">1200</gml:name>
      <gml:name>fuel depot</gml:name>
    </gml:Definition>
  </dictionaryEntry>
  <dictionaryEntry>
    <gml:Definition gml:id="id886">
      <gml:description></gml:description>
      <gml:name codeSpace="urn:d_nrw_sig3d">1210</gml:name>
      <gml:name>hobby room</gml:name>
    </gml:Definition>
  </dictionaryEntry>
  <dictionaryEntry>
    <gml:Definition gml:id="id887">
      <gml:description></gml:description>
      <gml:name codeSpace="urn:d_nrw_sig3d">1220</gml:name>
      <gml:name>stable, hovel</gml:name>
    </gml:Definition>
  </dictionaryEntry>
  <dictionaryEntry>
    <gml:Definition gml:id="id888">
      <gml:description></gml:description>
      <gml:name codeSpace="urn:d_nrw_sig3d">1300</gml:name>
      <gml:name>cash office</gml:name>
    </gml:Definition>
  </dictionaryEntry>
  <dictionaryEntry>
    <gml:Definition gml:id="id889">
      <gml:description></gml:description>
      <gml:name codeSpace="urn:d_nrw_sig3d">1310</gml:name>
      <gml:name>ticket office</gml:name>
    </gml:Definition>
  </dictionaryEntry>
  <dictionaryEntry>
    <gml:Definition gml:id="id890">
      <gml:description></gml:description>
      <gml:name codeSpace="urn:d_nrw_sig3d">1320</gml:name>
      <gml:name>conference room</gml:name>
    </gml:Definition>
  </dictionaryEntry>
  <dictionaryEntry>
    <gml:Definition gml:id="id891">
      <gml:description></gml:description>
      <gml:name codeSpace="urn:d_nrw_sig3d">1330</gml:name>
      <gml:name>reception</gml:name>
    </gml:Definition>
  </dictionaryEntry>
  <dictionaryEntry>
    <gml:Definition gml:id="id892">
      <gml:description></gml:description>
      <gml:name codeSpace="urn:d_nrw_sig3d">1340</gml:name>
      <gml:name>sales room</gml:name>
    </gml:Definition>
  </dictionaryEntry>
  <dictionaryEntry>
    <gml:Definition gml:id="id893">
      <gml:description></gml:description>
      <gml:name codeSpace="urn:d_nrw_sig3d">1350</gml:name>
      <gml:name>store room</gml:name>
    </gml:Definition>
  </dictionaryEntry>
  <dictionaryEntry>
    <gml:Definition gml:id="id894">
      <gml:description></gml:description>
      <gml:name codeSpace="urn:d_nrw_sig3d">1360</gml:name>
      <gml:name>delivery</gml:name>
    </gml:Definition>
  </dictionaryEntry>
  <dictionaryEntry>
    <gml:Definition gml:id="id895">
      <gml:description></gml:description>
      <gml:name codeSpace="urn:d_nrw_sig3d">1370</gml:name>
      <gml:name>lounge, common room</gml:name>
    </gml:Definition>
  </dictionaryEntry>
  <dictionaryEntry>
    <gml:Definition gml:id="id896">
      <gml:description></gml:description>
      <gml:name codeSpace="urn:d_nrw_sig3d">1380</gml:name>
      <gml:name>escalator</gml:name>
    </gml:Definition>
  </dictionaryEntry>
  <dictionaryEntry>
    <gml:Definition gml:id="id897">
      <gml:description></gml:description>
      <gml:name codeSpace="urn:d_nrw_sig3d">1390</gml:name>
      <gml:name>guest toilet</gml:name>
    </gml:Definition>
  </dictionaryEntry>
  <dictionaryEntry>
    <gml:Definition gml:id="id898">
      <gml:description></gml:description>
      <gml:name codeSpace="urn:d_nrw_sig3d">1400</gml:name>
      <gml:name>strong room</gml:name>
    </gml:Definition>
  </dictionaryEntry>
  <dictionaryEntry>
    <gml:Definition gml:id="id899">
      <gml:description></gml:description>
      <gml:name codeSpace="urn:d_nrw_sig3d">1500</gml:name>
      <gml:name>office</gml:name>
    </gml:Definition>
  </dictionaryEntry>
  <dictionaryEntry>
    <gml:Definition gml:id="id900">
      <gml:description></gml:description>
      <gml:name codeSpace="urn:d_nrw_sig3d">1510</gml:name>
      <gml:name>entrance hall</gml:name>
    </gml:Definition>
  </dictionaryEntry>
  <dictionaryEntry>
    <gml:Definition gml:id="id901">
      <gml:description></gml:description>
      <gml:name codeSpace="urn:d_nrw_sig3d">1520</gml:name>
      <gml:name>elevator</gml:name>
    </gml:Definition>
  </dictionaryEntry>
  <dictionaryEntry>
    <gml:Definition gml:id="id902">
      <gml:description></gml:description>
      <gml:name codeSpace="urn:d_nrw_sig3d">1530</gml:name>
      <gml:name>canteen</gml:name>
    </gml:Definition>
  </dictionaryEntry>
  <dictionaryEntry>
    <gml:Definition gml:id="id903">
      <gml:description></gml:description>
      <gml:name codeSpace="urn:d_nrw_sig3d">1540</gml:name>
      <gml:name>tea kitchen / Coffee kitchen</gml:name>
    </gml:Definition>
  </dictionaryEntry>
  <dictionaryEntry>
    <gml:Definition gml:id="id904">
      <gml:description></gml:description>
      <gml:name codeSpace="urn:d_nrw_sig3d">1550</gml:name>
      <gml:name>archive</gml:name>
    </gml:Definition>
  </dictionaryEntry>
  <dictionaryEntry>
    <gml:Definition gml:id="id905">
      <gml:description></gml:description>
      <gml:name codeSpace="urn:d_nrw_sig3d">1560</gml:name>
      <gml:name>citizen office</gml:name>
    </gml:Definition>
  </dictionaryEntry>
  <dictionaryEntry>
    <gml:Definition gml:id="id906">
      <gml:description></gml:description>
      <gml:name codeSpace="urn:d_nrw_sig3d">1570</gml:name>
      <gml:name>conference hall</gml:name>
    </gml:Definition>
  </dictionaryEntry>
  <dictionaryEntry>
    <gml:Definition gml:id="id907">
      <gml:description></gml:description>
      <gml:name codeSpace="urn:d_nrw_sig3d">1580</gml:name>
      <gml:name>copier room / blueprint room</gml:name>
    </gml:Definition>
  </dictionaryEntry>
  <dictionaryEntry>
    <gml:Definition gml:id="id908">
      <gml:description></gml:description>
      <gml:name codeSpace="urn:d_nrw_sig3d">1590</gml:name>
      <gml:name>information</gml:name>
    </gml:Definition>
  </dictionaryEntry>
  <dictionaryEntry>
    <gml:Definition gml:id="id909">
      <gml:description></gml:description>
      <gml:name codeSpace="urn:d_nrw_sig3d">1600</gml:name>
      <gml:name>computer room</gml:name>
    </gml:Definition>
  </dictionaryEntry>
  <dictionaryEntry>
    <gml:Definition gml:id="id910">
      <gml:description></gml:description>
      <gml:name codeSpace="urn:d_nrw_sig3d">1610</gml:name>
      <gml:name>printer / plotter room</gml:name>
    </gml:Definition>
  </dictionaryEntry>
  <dictionaryEntry>
    <gml:Definition gml:id="id911">
      <gml:description></gml:description>
      <gml:name codeSpace="urn:d_nrw_sig3d">1700</gml:name>
      <gml:name>reception</gml:name>
    </gml:Definition>
  </dictionaryEntry>
  <dictionaryEntry>
    <gml:Definition gml:id="id912">
      <gml:description></gml:description>
      <gml:name codeSpace="urn:d_nrw_sig3d">1710</gml:name>
      <gml:name>guest room</gml:name>
    </gml:Definition>
  </dictionaryEntry>
  <dictionaryEntry>
    <gml:Definition gml:id="id913">
      <gml:description></gml:description>
      <gml:name codeSpace="urn:d_nrw_sig3d">1720</gml:name>
      <gml:name>bar</gml:name>
    </gml:Definition>
  </dictionaryEntry>
  <dictionaryEntry>
    <gml:Definition gml:id="id914">
      <gml:description></gml:description>
      <gml:name codeSpace="urn:d_nrw_sig3d">1730</gml:name>
      <gml:name>breakfast room</gml:name>
    </gml:Definition>
  </dictionaryEntry>
  <dictionaryEntry>
    <gml:Definition gml:id="id915">
      <gml:description></gml:description>
      <gml:name codeSpace="urn:d_nrw_sig3d">1740</gml:name>
      <gml:name>dining room</gml:name>
    </gml:Definition>
  </dictionaryEntry>
  <dictionaryEntry>
    <gml:Definition gml:id="id916">
      <gml:description></gml:description>
      <gml:name codeSpace="urn:d_nrw_sig3d">1750</gml:name>
      <gml:name>celebration room</gml:name>
    </gml:Definition>
  </dictionaryEntry>
  <dictionaryEntry>
    <gml:Definition gml:id="id917">
      <gml:description></gml:description>
      <gml:name codeSpace="urn:d_nrw_sig3d">1760</gml:name>
      <gml:name>pub</gml:name>
    </gml:Definition>
  </dictionaryEntry>
  <dictionaryEntry>
    <gml:Definition gml:id="id918">
      <gml:description></gml:description>
      <gml:name codeSpace="urn:d_nrw_sig3d">1770</gml:name>
      <gml:name>beer garden</gml:name>
    </gml:Definition>
  </dictionaryEntry>
  <dictionaryEntry>
    <gml:Definition gml:id="id919">
      <gml:description></gml:description>
      <gml:name codeSpace="urn:d_nrw_sig3d">1780</gml:name>
      <gml:name>restaurant</gml:name>
    </gml:Definition>
  </dictionaryEntry>
  <dictionaryEntry>
    <gml:Definition gml:id="id920">
      <gml:description></gml:description>
      <gml:name codeSpace="urn:d_nrw_sig3d">1790</gml:name>
      <gml:name>cool store</gml:name>
    </gml:Definition>
  </dictionaryEntry>
  <dictionaryEntry>
    <gml:Definition gml:id="id921">
      <gml:description></gml:description>
      <gml:name codeSpace="urn:d_nrw_sig3d">1800</gml:name>
      <gml:name>bowling alley,  shoot alley</gml:name>
    </gml:Definition>
  </dictionaryEntry>
  <dictionaryEntry>
    <gml:Definition gml:id="id922">
      <gml:description></gml:description>
      <gml:name codeSpace="urn:d_nrw_sig3d">1810</gml:name>
      <gml:name>lounge</gml:name>
    </gml:Definition>
  </dictionaryEntry>
  <dictionaryEntry>
    <gml:Definition gml:id="id923">
      <gml:description></gml:description>
      <gml:name codeSpace="urn:d_nrw_sig3d">1820</gml:name>
      <gml:name>canteen kitchen</gml:name>
    </gml:Definition>
  </dictionaryEntry>
  <dictionaryEntry>
    <gml:Definition gml:id="id924">
      <gml:description></gml:description>
      <gml:name codeSpace="urn:d_nrw_sig3d">1900</gml:name>
      <gml:name>stage</gml:name>
    </gml:Definition>
  </dictionaryEntry>
  <dictionaryEntry>
    <gml:Definition gml:id="id925">
      <gml:description></gml:description>
      <gml:name codeSpace="urn:d_nrw_sig3d">1910</gml:name>
      <gml:name>auditorium</gml:name>
    </gml:Definition>
  </dictionaryEntry>
  <dictionaryEntry>
    <gml:Definition gml:id="id926">
      <gml:description></gml:description>
      <gml:name codeSpace="urn:d_nrw_sig3d">1920</gml:name>
      <gml:name>VIP box</gml:name>
    </gml:Definition>
  </dictionaryEntry>
  <dictionaryEntry>
    <gml:Definition gml:id="id927">
      <gml:description></gml:description>
      <gml:name codeSpace="urn:d_nrw_sig3d">1930</gml:name>
      <gml:name>projection room</gml:name>
    </gml:Definition>
  </dictionaryEntry>
  <dictionaryEntry>
    <gml:Definition gml:id="id928">
      <gml:description></gml:description>
      <gml:name codeSpace="urn:d_nrw_sig3d">1940</gml:name>
      <gml:name>dressing room</gml:name>
    </gml:Definition>
  </dictionaryEntry>
  <dictionaryEntry>
    <gml:Definition gml:id="id929">
      <gml:description></gml:description>
      <gml:name codeSpace="urn:d_nrw_sig3d">1950</gml:name>
      <gml:name>cabin</gml:name>
    </gml:Definition>
  </dictionaryEntry>
  <dictionaryEntry>
    <gml:Definition gml:id="id930">
      <gml:description></gml:description>
      <gml:name codeSpace="urn:d_nrw_sig3d">1960</gml:name>
      <gml:name>showroom</gml:name>
    </gml:Definition>
  </dictionaryEntry>
  <dictionaryEntry>
    <gml:Definition gml:id="id931">
      <gml:description></gml:description>
      <gml:name codeSpace="urn:d_nrw_sig3d">1970</gml:name>
      <gml:name>equipment or props</gml:name>
    </gml:Definition>
  </dictionaryEntry>
  <dictionaryEntry>
    <gml:Definition gml:id="id932">
      <gml:description></gml:description>
      <gml:name codeSpace="urn:d_nrw_sig3d">1980</gml:name>
      <gml:name>make-up room</gml:name>
    </gml:Definition>
  </dictionaryEntry>
  <dictionaryEntry>
    <gml:Definition gml:id="id933">
      <gml:description></gml:description>
      <gml:name codeSpace="urn:d_nrw_sig3d">1990</gml:name>
      <gml:name>recording studio</gml:name>
    </gml:Definition>
  </dictionaryEntry>
  <dictionaryEntry>
    <gml:Definition gml:id="id934">
      <gml:description></gml:description>
      <gml:name codeSpace="urn:d_nrw_sig3d">2000</gml:name>
      <gml:name>sound studio</gml:name>
    </gml:Definition>
  </dictionaryEntry>
  <dictionaryEntry>
    <gml:Definition gml:id="id935">
      <gml:description></gml:description>
      <gml:name codeSpace="urn:d_nrw_sig3d">2010</gml:name>
      <gml:name>music archive</gml:name>
    </gml:Definition>
  </dictionaryEntry>
  <dictionaryEntry>
    <gml:Definition gml:id="id936">
      <gml:description></gml:description>
      <gml:name codeSpace="urn:d_nrw_sig3d">2020</gml:name>
      <gml:name>administration</gml:name>
    </gml:Definition>
  </dictionaryEntry>
  <dictionaryEntry>
    <gml:Definition gml:id="id937">
      <gml:description></gml:description>
      <gml:name codeSpace="urn:d_nrw_sig3d">2030</gml:name>
      <gml:name>ticket office</gml:name>
    </gml:Definition>
  </dictionaryEntry>
  <dictionaryEntry>
    <gml:Definition gml:id="id938">
      <gml:description></gml:description>
      <gml:name codeSpace="urn:d_nrw_sig3d">2040</gml:name>
      <gml:name>library</gml:name>
    </gml:Definition>
  </dictionaryEntry>
  <dictionaryEntry>
    <gml:Definition gml:id="id939">
      <gml:description></gml:description>
      <gml:name codeSpace="urn:d_nrw_sig3d">2050</gml:name>
      <gml:name>media room</gml:name>
    </gml:Definition>
  </dictionaryEntry>
  <dictionaryEntry>
    <gml:Definition gml:id="id940">
      <gml:description></gml:description>
      <gml:name codeSpace="urn:d_nrw_sig3d">2060</gml:name>
      <gml:name>dressing room</gml:name>
    </gml:Definition>
  </dictionaryEntry>
  <dictionaryEntry>
    <gml:Definition gml:id="id941">
      <gml:description></gml:description>
      <gml:name codeSpace="urn:d_nrw_sig3d">2070</gml:name>
      <gml:name>sport room</gml:name>
    </gml:Definition>
  </dictionaryEntry>
  <dictionaryEntry>
    <gml:Definition gml:id="id942">
      <gml:description></gml:description>
      <gml:name codeSpace="urn:d_nrw_sig3d">2080</gml:name>
      <gml:name>equipment room</gml:name>
    </gml:Definition>
  </dictionaryEntry>
  <dictionaryEntry>
    <gml:Definition gml:id="id943">
      <gml:description></gml:description>
      <gml:name codeSpace="urn:d_nrw_sig3d">2090</gml:name>
      <gml:name>platform</gml:name>
    </gml:Definition>
  </dictionaryEntry>
  <dictionaryEntry>
    <gml:Definition gml:id="id944">
      <gml:description></gml:description>
      <gml:name codeSpace="urn:d_nrw_sig3d">2100</gml:name>
      <gml:name>swimming-pool</gml:name>
    </gml:Definition>
  </dictionaryEntry>
  <dictionaryEntry>
    <gml:Definition gml:id="id945">
      <gml:description></gml:description>
      <gml:name codeSpace="urn:d_nrw_sig3d">2110</gml:name>
      <gml:name>slide</gml:name>
    </gml:Definition>
  </dictionaryEntry>
  <dictionaryEntry>
    <gml:Definition gml:id="id946">
      <gml:description></gml:description>
      <gml:name codeSpace="urn:d_nrw_sig3d">2120</gml:name>
      <gml:name>relaxation room</gml:name>
    </gml:Definition>
  </dictionaryEntry>
  <dictionaryEntry>
    <gml:Definition gml:id="id947">
      <gml:description></gml:description>
      <gml:name codeSpace="urn:d_nrw_sig3d">2130</gml:name>
      <gml:name>sauna</gml:name>
    </gml:Definition>
  </dictionaryEntry>
  <dictionaryEntry>
    <gml:Definition gml:id="id948">
      <gml:description></gml:description>
      <gml:name codeSpace="urn:d_nrw_sig3d">2140</gml:name>
      <gml:name>fitness room</gml:name>
    </gml:Definition>
  </dictionaryEntry>
  <dictionaryEntry>
    <gml:Definition gml:id="id949">
      <gml:description></gml:description>
      <gml:name codeSpace="urn:d_nrw_sig3d">2150</gml:name>
      <gml:name>solarium</gml:name>
    </gml:Definition>
  </dictionaryEntry>
  <dictionaryEntry>
    <gml:Definition gml:id="id950">
      <gml:description></gml:description>
      <gml:name codeSpace="urn:d_nrw_sig3d">2160</gml:name>
      <gml:name>catering</gml:name>
    </gml:Definition>
  </dictionaryEntry>
  <dictionaryEntry>
    <gml:Definition gml:id="id951">
      <gml:description></gml:description>
      <gml:name codeSpace="urn:d_nrw_sig3d">2170</gml:name>
      <gml:name>showers</gml:name>
    </gml:Definition>
  </dictionaryEntry>
  <dictionaryEntry>
    <gml:Definition gml:id="id952">
      <gml:description></gml:description>
      <gml:name codeSpace="urn:d_nrw_sig3d">2200</gml:name>
      <gml:name>tribune</gml:name>
    </gml:Definition>
  </dictionaryEntry>
  <dictionaryEntry>
    <gml:Definition gml:id="id953">
      <gml:description></gml:description>
      <gml:name codeSpace="urn:d_nrw_sig3d">2210</gml:name>
      <gml:name>seating / standing capacity</gml:name>
    </gml:Definition>
  </dictionaryEntry>
  <dictionaryEntry>
    <gml:Definition gml:id="id954">
      <gml:description></gml:description>
      <gml:name codeSpace="urn:d_nrw_sig3d">2220</gml:name>
      <gml:name>cash point</gml:name>
    </gml:Definition>
  </dictionaryEntry>
  <dictionaryEntry>
    <gml:Definition gml:id="id955">
      <gml:description></gml:description>
      <gml:name codeSpace="urn:d_nrw_sig3d">2230</gml:name>
      <gml:name>vivarium</gml:name>
    </gml:Definition>
  </dictionaryEntry>
  <dictionaryEntry>
    <gml:Definition gml:id="id956">
      <gml:description></gml:description>
      <gml:name codeSpace="urn:d_nrw_sig3d">2240</gml:name>
      <gml:name>enclosure</gml:name>
    </gml:Definition>
  </dictionaryEntry>
  <dictionaryEntry>
    <gml:Definition gml:id="id957">
      <gml:description></gml:description>
      <gml:name codeSpace="urn:d_nrw_sig3d">2250</gml:name>
      <gml:name>aquarium</gml:name>
    </gml:Definition>
  </dictionaryEntry>
  <dictionaryEntry>
    <gml:Definition gml:id="id958">
      <gml:description></gml:description>
      <gml:name codeSpace="urn:d_nrw_sig3d">2260</gml:name>
      <gml:name>terrarium</gml:name>
    </gml:Definition>
  </dictionaryEntry>
  <dictionaryEntry>
    <gml:Definition gml:id="id959">
      <gml:description></gml:description>
      <gml:name codeSpace="urn:d_nrw_sig3d">2270</gml:name>
      <gml:name>aviary</gml:name>
    </gml:Definition>
  </dictionaryEntry>
  <dictionaryEntry>
    <gml:Definition gml:id="id960">
      <gml:description></gml:description>
      <gml:name codeSpace="urn:d_nrw_sig3d">2280</gml:name>
      <gml:name>menagerie</gml:name>
    </gml:Definition>
  </dictionaryEntry>
  <dictionaryEntry>
    <gml:Definition gml:id="id961">
      <gml:description></gml:description>
      <gml:name codeSpace="urn:d_nrw_sig3d">2290</gml:name>
      <gml:name>stables</gml:name>
    </gml:Definition>
  </dictionaryEntry>
  <dictionaryEntry>
    <gml:Definition gml:id="id962">
      <gml:description></gml:description>
      <gml:name codeSpace="urn:d_nrw_sig3d">2300</gml:name>
      <gml:name>greenhouse</gml:name>
    </gml:Definition>
  </dictionaryEntry>
  <dictionaryEntry>
    <gml:Definition gml:id="id963">
      <gml:description></gml:description>
      <gml:name codeSpace="urn:d_nrw_sig3d">2310</gml:name>
      <gml:name>food silo</gml:name>
    </gml:Definition>
  </dictionaryEntry>
  <dictionaryEntry>
    <gml:Definition gml:id="id964">
      <gml:description></gml:description>
      <gml:name codeSpace="urn:d_nrw_sig3d">2320</gml:name>
      <gml:name>hayloft</gml:name>
    </gml:Definition>
  </dictionaryEntry>
  <dictionaryEntry>
    <gml:Definition gml:id="id965">
      <gml:description></gml:description>
      <gml:name codeSpace="urn:d_nrw_sig3d">2330</gml:name>
      <gml:name>motor pool</gml:name>
    </gml:Definition>
  </dictionaryEntry>
  <dictionaryEntry>
    <gml:Definition gml:id="id966">
      <gml:description></gml:description>
      <gml:name codeSpace="urn:d_nrw_sig3d">2340</gml:name>
      <gml:name>barn</gml:name>
    </gml:Definition>
  </dictionaryEntry>
  <dictionaryEntry>
    <gml:Definition gml:id="id967">
      <gml:description></gml:description>
      <gml:name codeSpace="urn:d_nrw_sig3d">2350</gml:name>
      <gml:name>riding hall</gml:name>
    </gml:Definition>
  </dictionaryEntry>
  <dictionaryEntry>
    <gml:Definition gml:id="id968">
      <gml:description></gml:description>
      <gml:name codeSpace="urn:d_nrw_sig3d">2360</gml:name>
      <gml:name>horse box</gml:name>
    </gml:Definition>
  </dictionaryEntry>
  <dictionaryEntry>
    <gml:Definition gml:id="id969">
      <gml:description></gml:description>
      <gml:name codeSpace="urn:d_nrw_sig3d">2370</gml:name>
      <gml:name>hunting lodge</gml:name>
    </gml:Definition>
  </dictionaryEntry>
  <dictionaryEntry>
    <gml:Definition gml:id="id970">
      <gml:description></gml:description>
      <gml:name codeSpace="urn:d_nrw_sig3d">2400</gml:name>
      <gml:name>waste container</gml:name>
    </gml:Definition>
  </dictionaryEntry>
  <dictionaryEntry>
    <gml:Definition gml:id="id971">
      <gml:description></gml:description>
      <gml:name codeSpace="urn:d_nrw_sig3d">2410</gml:name>
      <gml:name>motor pool</gml:name>
    </gml:Definition>
  </dictionaryEntry>
  <dictionaryEntry>
    <gml:Definition gml:id="id972">
      <gml:description></gml:description>
      <gml:name codeSpace="urn:d_nrw_sig3d">2420</gml:name>
      <gml:name>washing-bay</gml:name>
    </gml:Definition>
  </dictionaryEntry>
  <dictionaryEntry>
    <gml:Definition gml:id="id973">
      <gml:description></gml:description>
      <gml:name codeSpace="urn:d_nrw_sig3d">2430</gml:name>
      <gml:name>installations room</gml:name>
    </gml:Definition>
  </dictionaryEntry>
  <dictionaryEntry>
    <gml:Definition gml:id="id974">
      <gml:description></gml:description>
      <gml:name codeSpace="urn:d_nrw_sig3d">2440</gml:name>
      <gml:name>monitoring room</gml:name>
    </gml:Definition>
  </dictionaryEntry>
  <dictionaryEntry>
    <gml:Definition gml:id="id975">
      <gml:description></gml:description>
      <gml:name codeSpace="urn:d_nrw_sig3d">2450</gml:name>
      <gml:name>heating system</gml:name>
    </gml:Definition>
  </dictionaryEntry>
  <dictionaryEntry>
    <gml:Definition gml:id="id976">
      <gml:description></gml:description>
      <gml:name codeSpace="urn:d_nrw_sig3d">2460</gml:name>
      <gml:name>public utility use</gml:name>
    </gml:Definition>
  </dictionaryEntry>
  <dictionaryEntry>
    <gml:Definition gml:id="id977">
      <gml:description></gml:description>
      <gml:name codeSpace="urn:d_nrw_sig3d">2470</gml:name>
      <gml:name>pump room</gml:name>
    </gml:Definition>
  </dictionaryEntry>
  <dictionaryEntry>
    <gml:Definition gml:id="id978">
      <gml:description></gml:description>
      <gml:name codeSpace="urn:d_nrw_sig3d">2480</gml:name>
      <gml:name>effluent treatment</gml:name>
    </gml:Definition>
  </dictionaryEntry>
  <dictionaryEntry>
    <gml:Definition gml:id="id979">
      <gml:description></gml:description>
      <gml:name codeSpace="urn:d_nrw_sig3d">2490</gml:name>
      <gml:name>treatment installation</gml:name>
    </gml:Definition>
  </dictionaryEntry>
  <dictionaryEntry>
    <gml:Definition gml:id="id980">
      <gml:description></gml:description>
      <gml:name codeSpace="urn:d_nrw_sig3d">2500</gml:name>
      <gml:name>recycling installation</gml:name>
    </gml:Definition>
  </dictionaryEntry>
  <dictionaryEntry>
    <gml:Definition gml:id="id981">
      <gml:description></gml:description>
      <gml:name codeSpace="urn:d_nrw_sig3d">2600</gml:name>
      <gml:name>chancel</gml:name>
    </gml:Definition>
  </dictionaryEntry>
  <dictionaryEntry>
    <gml:Definition gml:id="id982">
      <gml:description></gml:description>
      <gml:name codeSpace="urn:d_nrw_sig3d">2610</gml:name>
      <gml:name>sacristy</gml:name>
    </gml:Definition>
  </dictionaryEntry>
  <dictionaryEntry>
    <gml:Definition gml:id="id983">
      <gml:description></gml:description>
      <gml:name codeSpace="urn:d_nrw_sig3d">2620</gml:name>
      <gml:name>bell tower</gml:name>
    </gml:Definition>
  </dictionaryEntry>
  <dictionaryEntry>
    <gml:Definition gml:id="id984">
      <gml:description></gml:description>
      <gml:name codeSpace="urn:d_nrw_sig3d">2630</gml:name>
      <gml:name>baptism room</gml:name>
    </gml:Definition>
  </dictionaryEntry>
  <dictionaryEntry>
    <gml:Definition gml:id="id985">
      <gml:description></gml:description>
      <gml:name codeSpace="urn:d_nrw_sig3d">2640</gml:name>
      <gml:name>confessional</gml:name>
    </gml:Definition>
  </dictionaryEntry>
  <dictionaryEntry>
    <gml:Definition gml:id="id986">
      <gml:description></gml:description>
      <gml:name codeSpace="urn:d_nrw_sig3d">2650</gml:name>
      <gml:name>benches</gml:name>
    </gml:Definition>
  </dictionaryEntry>
  <dictionaryEntry>
    <gml:Definition gml:id="id987">
      <gml:description></gml:description>
      <gml:name codeSpace="urn:d_nrw_sig3d">2660</gml:name>
      <gml:name>pulpit</gml:name>
    </gml:Definition>
  </dictionaryEntry>
  <dictionaryEntry>
    <gml:Definition gml:id="id988">
      <gml:description></gml:description>
      <gml:name codeSpace="urn:d_nrw_sig3d">2670</gml:name>
      <gml:name>lobby</gml:name>
    </gml:Definition>
  </dictionaryEntry>
  <dictionaryEntry>
    <gml:Definition gml:id="id989">
      <gml:description></gml:description>
      <gml:name codeSpace="urn:d_nrw_sig3d">2680</gml:name>
      <gml:name>parish</gml:name>
    </gml:Definition>
  </dictionaryEntry>
  <dictionaryEntry>
    <gml:Definition gml:id="id990">
      <gml:description></gml:description>
      <gml:name codeSpace="urn:d_nrw_sig3d">2690</gml:name>
      <gml:name>chapel</gml:name>
    </gml:Definition>
  </dictionaryEntry>
  <dictionaryEntry>
    <gml:Definition gml:id="id991">
      <gml:description></gml:description>
      <gml:name codeSpace="urn:d_nrw_sig3d">2700</gml:name>
      <gml:name>police station</gml:name>
    </gml:Definition>
  </dictionaryEntry>
  <dictionaryEntry>
    <gml:Definition gml:id="id992">
      <gml:description></gml:description>
      <gml:name codeSpace="urn:d_nrw_sig3d">2710</gml:name>
      <gml:name>headquarters</gml:name>
    </gml:Definition>
  </dictionaryEntry>
  <dictionaryEntry>
    <gml:Definition gml:id="id993">
      <gml:description></gml:description>
      <gml:name codeSpace="urn:d_nrw_sig3d">2720</gml:name>
      <gml:name>prison cell</gml:name>
    </gml:Definition>
  </dictionaryEntry>
  <dictionaryEntry>
    <gml:Definition gml:id="id994">
      <gml:description></gml:description>
      <gml:name codeSpace="urn:d_nrw_sig3d">2730</gml:name>
      <gml:name>motor pool hall</gml:name>
    </gml:Definition>
  </dictionaryEntry>
  <dictionaryEntry>
    <gml:Definition gml:id="id995">
      <gml:description></gml:description>
      <gml:name codeSpace="urn:d_nrw_sig3d">2740</gml:name>
      <gml:name>fire brigade,  emergency vehicle</gml:name>
    </gml:Definition>
  </dictionaryEntry>
  <dictionaryEntry>
    <gml:Definition gml:id="id996">
      <gml:description></gml:description>
      <gml:name codeSpace="urn:d_nrw_sig3d">2750</gml:name>
      <gml:name>relaxation room</gml:name>
    </gml:Definition>
  </dictionaryEntry>
  <dictionaryEntry>
    <gml:Definition gml:id="id997">
      <gml:description></gml:description>
      <gml:name codeSpace="urn:d_nrw_sig3d">2760</gml:name>
      <gml:name>tool / pipe store </gml:name>
    </gml:Definition>
  </dictionaryEntry>
  <dictionaryEntry>
    <gml:Definition gml:id="id998">
      <gml:description></gml:description>
      <gml:name codeSpace="urn:d_nrw_sig3d">2770</gml:name>
      <gml:name>emergency call center</gml:name>
    </gml:Definition>
  </dictionaryEntry>
  <dictionaryEntry>
    <gml:Definition gml:id="id999">
      <gml:description></gml:description>
      <gml:name codeSpace="urn:d_nrw_sig3d">2780</gml:name>
      <gml:name>arms depot</gml:name>
    </gml:Definition>
  </dictionaryEntry>
  <dictionaryEntry>
    <gml:Definition gml:id="id1000">
      <gml:description></gml:description>
      <gml:name codeSpace="urn:d_nrw_sig3d">2790</gml:name>
      <gml:name>ammunition dump</gml:name>
    </gml:Definition>
  </dictionaryEntry>
  <dictionaryEntry>
    <gml:Definition gml:id="id1001">
      <gml:description></gml:description>
      <gml:name codeSpace="urn:d_nrw_sig3d">2800</gml:name>
      <gml:name>vehicle hall</gml:name>
    </gml:Definition>
  </dictionaryEntry>
  <dictionaryEntry>
    <gml:Definition gml:id="id1002">
      <gml:description></gml:description>
      <gml:name codeSpace="urn:d_nrw_sig3d">2810</gml:name>
      <gml:name>panic room</gml:name>
    </gml:Definition>
  </dictionaryEntry>
  <dictionaryEntry>
    <gml:Definition gml:id="id1003">
      <gml:description></gml:description>
      <gml:name codeSpace="urn:d_nrw_sig3d">2900</gml:name>
      <gml:name>satellite receiver</gml:name>
    </gml:Definition>
  </dictionaryEntry>
  <dictionaryEntry>
    <gml:Definition gml:id="id1004">
      <gml:description></gml:description>
      <gml:name codeSpace="urn:d_nrw_sig3d">2910</gml:name>
      <gml:name>communication room</gml:name>
    </gml:Definition>
  </dictionaryEntry>
  <dictionaryEntry>
    <gml:Definition gml:id="id1005">
      <gml:description></gml:description>
      <gml:name codeSpace="urn:d_nrw_sig3d">3000</gml:name>
      <gml:name>industrial building</gml:name>
    </gml:Definition>
  </dictionaryEntry>
  <dictionaryEntry>
    <gml:Definition gml:id="id1006">
      <gml:description></gml:description>
      <gml:name codeSpace="urn:d_nrw_sig3d">3010</gml:name>
      <gml:name>production building</gml:name>
    </gml:Definition>
  </dictionaryEntry>
  <dictionaryEntry>
    <gml:Definition gml:id="id1007">
      <gml:description></gml:description>
      <gml:name codeSpace="urn:d_nrw_sig3d">3020</gml:name>
      <gml:name>factory building</gml:name>
    </gml:Definition>
  </dictionaryEntry>
  <dictionaryEntry>
    <gml:Definition gml:id="id1008">
      <gml:description></gml:description>
      <gml:name codeSpace="urn:d_nrw_sig3d">3030</gml:name>
      <gml:name>workshop</gml:name>
    </gml:Definition>
  </dictionaryEntry>
  <dictionaryEntry>
    <gml:Definition gml:id="id1009">
      <gml:description></gml:description>
      <gml:name codeSpace="urn:d_nrw_sig3d">3040</gml:name>
      <gml:name>storage depot</gml:name>
    </gml:Definition>
  </dictionaryEntry>
  <dictionaryEntry>
    <gml:Definition gml:id="id1010">
      <gml:description></gml:description>
      <gml:name codeSpace="urn:d_nrw_sig3d">3050</gml:name>
      <gml:name>cold storage</gml:name>
    </gml:Definition>
  </dictionaryEntry>
  <dictionaryEntry>
    <gml:Definition gml:id="id1011">
      <gml:description></gml:description>
      <gml:name codeSpace="urn:d_nrw_sig3d">3060</gml:name>
      <gml:name>store</gml:name>
    </gml:Definition>
  </dictionaryEntry>
  <dictionaryEntry>
    <gml:Definition gml:id="id1012">
      <gml:description></gml:description>
      <gml:name codeSpace="urn:d_nrw_sig3d">3100</gml:name>
      <gml:name>station concourse</gml:name>
    </gml:Definition>
  </dictionaryEntry>
  <dictionaryEntry>
    <gml:Definition gml:id="id1013">
      <gml:description></gml:description>
      <gml:name codeSpace="urn:d_nrw_sig3d">3110</gml:name>
      <gml:name>track</gml:name>
    </gml:Definition>
  </dictionaryEntry>
  <dictionaryEntry>
    <gml:Definition gml:id="id1014">
      <gml:description></gml:description>
      <gml:name codeSpace="urn:d_nrw_sig3d">3120</gml:name>
      <gml:name>ticket office</gml:name>
    </gml:Definition>
  </dictionaryEntry>
  <dictionaryEntry>
    <gml:Definition gml:id="id1015">
      <gml:description></gml:description>
      <gml:name codeSpace="urn:d_nrw_sig3d">3130</gml:name>
      <gml:name>waiting hall</gml:name>
    </gml:Definition>
  </dictionaryEntry>
  <dictionaryEntry>
    <gml:Definition gml:id="id1016">
      <gml:description></gml:description>
      <gml:name codeSpace="urn:d_nrw_sig3d">3140</gml:name>
      <gml:name>engine shed</gml:name>
    </gml:Definition>
  </dictionaryEntry>
  <dictionaryEntry>
    <gml:Definition gml:id="id1017">
      <gml:description></gml:description>
      <gml:name codeSpace="urn:d_nrw_sig3d">3150</gml:name>
      <gml:name>signal box</gml:name>
    </gml:Definition>
  </dictionaryEntry>
  <dictionaryEntry>
    <gml:Definition gml:id="id1018">
      <gml:description></gml:description>
      <gml:name codeSpace="urn:d_nrw_sig3d">3160</gml:name>
      <gml:name>departure terminal</gml:name>
    </gml:Definition>
  </dictionaryEntry>
  <dictionaryEntry>
    <gml:Definition gml:id="id1019">
      <gml:description></gml:description>
      <gml:name codeSpace="urn:d_nrw_sig3d">3170</gml:name>
      <gml:name>check-out counter</gml:name>
    </gml:Definition>
  </dictionaryEntry>
  <dictionaryEntry>
    <gml:Definition gml:id="id1020">
      <gml:description></gml:description>
      <gml:name codeSpace="urn:d_nrw_sig3d">3180</gml:name>
      <gml:name>check-in counter</gml:name>
    </gml:Definition>
  </dictionaryEntry>
  <dictionaryEntry>
    <gml:Definition gml:id="id1021">
      <gml:description></gml:description>
      <gml:name codeSpace="urn:d_nrw_sig3d">3190</gml:name>
      <gml:name>check</gml:name>
    </gml:Definition>
  </dictionaryEntry>
  <dictionaryEntry>
    <gml:Definition gml:id="id1022">
      <gml:description></gml:description>
      <gml:name codeSpace="urn:d_nrw_sig3d">3200</gml:name>
      <gml:name>baggage carousel</gml:name>
    </gml:Definition>
  </dictionaryEntry>
  <dictionaryEntry>
    <gml:Definition gml:id="id1023">
      <gml:description></gml:description>
      <gml:name codeSpace="urn:d_nrw_sig3d">3210</gml:name>
      <gml:name>security check</gml:name>
    </gml:Definition>
  </dictionaryEntry>
  <dictionaryEntry>
    <gml:Definition gml:id="id1024">
      <gml:description></gml:description>
      <gml:name codeSpace="urn:d_nrw_sig3d">3300</gml:name>
      <gml:name>classroom</gml:name>
    </gml:Definition>
  </dictionaryEntry>
  <dictionaryEntry>
    <gml:Definition gml:id="id1025">
      <gml:description></gml:description>
      <gml:name codeSpace="urn:d_nrw_sig3d">3310</gml:name>
      <gml:name>staff room</gml:name>
    </gml:Definition>
  </dictionaryEntry>
  <dictionaryEntry>
    <gml:Definition gml:id="id1026">
      <gml:description></gml:description>
      <gml:name codeSpace="urn:d_nrw_sig3d">3320</gml:name>
      <gml:name>break or recess hall</gml:name>
    </gml:Definition>
  </dictionaryEntry>
  <dictionaryEntry>
    <gml:Definition gml:id="id1027">
      <gml:description></gml:description>
      <gml:name codeSpace="urn:d_nrw_sig3d">3330</gml:name>
      <gml:name>laboratory</gml:name>
    </gml:Definition>
  </dictionaryEntry>
  <dictionaryEntry>
    <gml:Definition gml:id="id1028">
      <gml:description></gml:description>
      <gml:name codeSpace="urn:d_nrw_sig3d">3340</gml:name>
      <gml:name>utility room</gml:name>
    </gml:Definition>
  </dictionaryEntry>
  <dictionaryEntry>
    <gml:Definition gml:id="id1029">
      <gml:description></gml:description>
      <gml:name codeSpace="urn:d_nrw_sig3d">3350</gml:name>
      <gml:name>media room</gml:name>
    </gml:Definition>
  </dictionaryEntry>
  <dictionaryEntry>
    <gml:Definition gml:id="id1030">
      <gml:description></gml:description>
      <gml:name codeSpace="urn:d_nrw_sig3d">3360</gml:name>
      <gml:name>science laboratory</gml:name>
    </gml:Definition>
  </dictionaryEntry>
  <dictionaryEntry>
    <gml:Definition gml:id="id1031">
      <gml:description></gml:description>
      <gml:name codeSpace="urn:d_nrw_sig3d">3370</gml:name>
      <gml:name>sports hall</gml:name>
    </gml:Definition>
  </dictionaryEntry>
  <dictionaryEntry>
    <gml:Definition gml:id="id1032">
      <gml:description></gml:description>
      <gml:name codeSpace="urn:d_nrw_sig3d">3380</gml:name>
      <gml:name>school library</gml:name>
    </gml:Definition>
  </dictionaryEntry>
  <dictionaryEntry>
    <gml:Definition gml:id="id1033">
      <gml:description></gml:description>
      <gml:name codeSpace="urn:d_nrw_sig3d">3390</gml:name>
      <gml:name>office</gml:name>
    </gml:Definition>
  </dictionaryEntry>
  <dictionaryEntry>
    <gml:Definition gml:id="id1034">
      <gml:description></gml:description>
      <gml:name codeSpace="urn:d_nrw_sig3d">3400</gml:name>
      <gml:name>lecture theatre</gml:name>
    </gml:Definition>
  </dictionaryEntry>
  <dictionaryEntry>
    <gml:Definition gml:id="id1035">
      <gml:description></gml:description>
      <gml:name codeSpace="urn:d_nrw_sig3d">3410</gml:name>
      <gml:name>refectory</gml:name>
    </gml:Definition>
  </dictionaryEntry>
  <dictionaryEntry>
    <gml:Definition gml:id="id1036">
      <gml:description></gml:description>
      <gml:name codeSpace="urn:d_nrw_sig3d">3420</gml:name>
      <gml:name>function room</gml:name>
    </gml:Definition>
  </dictionaryEntry>
</gml:Dictionary>
