<?xml version="1.0" encoding="UTF-8"?>
<GetMap xmlns="http://www.opengis.net/sld" xmlns:gml="http://www.opengis.net/gml" xmlns:ogc="http://www.opengis.net/ogc" xmlns:ows="http://www.opengis.net/ows" xmlns:se="http://www.opengis.net/se" xmlns:wms="http://www.opengis.net/wms" xmlns:xsi="http://www.w3.org/2001/XMLSchema-instance" xsi:schemaLocation="http://www.opengis.net/sld GetMap.xsd" version="1.3.0">
	<StyledLayerDescriptor version="1.1.0">
		<NamedLayer>
			<se:Name>Rivers</se:Name>
			<NamedStyle>
				<se:Name>CenterLine</se:Name>
			</NamedStyle>
		</NamedLayer>
		<NamedLayer>
			<se:Name>Roads</se:Name>
			<NamedStyle>
				<se:Name>CenterLine</se:Name>
			</NamedStyle>
		</NamedLayer>
		<NamedLayer>
			<se:Name>Houses</se:Name>
			<NamedStyle>
				<se:Name>Outline</se:Name>
			</NamedStyle>
		</NamedLayer>
	</StyledLayerDescriptor>
	<CRS>EPSG:4326</CRS>
	<BoundingBox crs="http://www.opengis.net/gml/srs/epsg.xml#4326">
		<ows:LowerCorner>-180.0 -90.0</ows:LowerCorner>
		<ows:UpperCorner>180.0 90.0</ows:UpperCorner>
	</BoundingBox>
	<Output>
		<Size>
			<Width>1024</Width>
			<Height>512</Height>
		</Size>
		<wms:Format>image/jpeg</wms:Format>
		<Transparent>false</Transparent>
	</Output>
	<Exceptions>XML</Exceptions>
</GetMap>
