<?xml version="1.0" encoding="UTF-8"?>
<DescribeLayerResponse xmlns="http://www.opengis.net/sld" xmlns:ows="http://www.opengis.net/ows" xmlns:se="http://www.opengis.net/se" xmlns:wfs="http://www.opengis.net/wfs" xmlns:xsi="http://www.w3.org/2001/XMLSchema-instance" xmlns:myns="http://myserver/somenamespace" xsi:schemaLocation="http://www.opengis.net/sld DescribeLayer.xsd">
	<Version>1.1.0</Version>
	<LayerDescription>
		<owsType>wfs</owsType>
		<se:OnlineResource xmlns:xlink="http://www.w3.org/1999/xlink" xlink:type="simple" xlink:href="http://mywfs/server/ogcwebservice"/>
		<TypeName>
			<se:FeatureTypeName>myns:cloudfeatures</se:FeatureTypeName>
		</TypeName>
	</LayerDescription>
</DescribeLayerResponse>
