<?xml version="1.0" encoding="UTF-8"?>
<om:Observation gml:id="specSeries3" xmlns:cv="http://www.opengis.net/cv/0.2.1"  xmlns:swe="http://www.opengis.net/swe/1.0.1" xmlns:om="http://www.opengis.net/om/1.0" xmlns:xsi="http://www.w3.org/2001/XMLSchema-instance" xmlns:xlink="http://www.w3.org/1999/xlink" xmlns:gml="http://www.opengis.net/gml" 
xsi:schemaLocation="http://www.opengis.net/om/1.0 ../om.xsd  http://www.opengis.net/cv/0.2.1 http://bp.schemas.opengis.net/06-188r1/cv/0.2.1/cv.xsd">
	<gml:description>Observation test instance - Multiple compounding axes
	A Landsat TM spectrum is observed on 4 stations at 5 time instants</gml:description>
	<gml:name>Spectrum Series</gml:name>
	<om:samplingTime>
		<gml:TimePeriod gml:id="tpss1">
			<gml:beginPosition>2005-06-17</gml:beginPosition>
			<gml:endPosition>2005-06-21</gml:endPosition>
		</gml:TimePeriod>
	</om:samplingTime>
	<om:procedure xlink:href="urn:ogc:object:feature:Sensor:NASA:Landsat7"/>
	<om:observedProperty xlink:href="urn:ogc:def:phenomenon:OGC:DiscreteSpectrumTM"/>
	<om:featureOfInterest xlink:href="http://wfs.flakey.org?request=getFeature&#38;featureid=stc1"/>
	<om:result>
		<cv:CV_DiscreteCoverage>
			<cv:domainExtent xlink:href="http://wfs.flakey.org?request=getFeature&#38;featureid=stc1#xpointer(./boundedBy)"/>
			<cv:rangeType xlink:href="tm7.xml#tm7"/>
			<cv:element>
				<cv:CV_GeometryValuePair>
					<cv:geometry>
						<cv:CV_DomainObject>
							<cv:spatialElement xlink:href="./foi.xml#st1"/>
							<cv:temporalElement xlink:href="./toi.xml#ti1"/>
						</cv:CV_DomainObject>
					</cv:geometry>
					<cv:value>
						<swe:Record>
							<swe:field><swe:Item>9</swe:Item></swe:field>
							<swe:field><swe:Item>8</swe:Item></swe:field>
							<swe:field><swe:Item>7</swe:Item></swe:field>
							<swe:field><swe:Item>6</swe:Item></swe:field>
							<swe:field><swe:Item>5</swe:Item></swe:field>
							<swe:field><swe:Item>4</swe:Item></swe:field>
							<swe:field><swe:Item>3</swe:Item></swe:field>
						</swe:Record>
					</cv:value>
				</cv:CV_GeometryValuePair>
			</cv:element>
			<cv:element>
				<cv:CV_GeometryValuePair>
					<cv:geometry>
						<cv:CV_DomainObject>
							<cv:spatialElement xlink:href="./foi.xml#st3"/>
							<cv:temporalElement xlink:href="./toi.xml#ti1"/>
						</cv:CV_DomainObject>
					</cv:geometry>
					<cv:value>
						<swe:Record>
							<swe:field><swe:Item>1</swe:Item></swe:field>
							<swe:field><swe:Item>2</swe:Item></swe:field>
							<swe:field><swe:Item>3</swe:Item></swe:field>
							<swe:field><swe:Item>4</swe:Item></swe:field>
							<swe:field><swe:Item>5</swe:Item></swe:field>
							<swe:field><swe:Item>6</swe:Item></swe:field>
							<swe:field><swe:Item>7</swe:Item></swe:field>
						</swe:Record>
					</cv:value>
				</cv:CV_GeometryValuePair>
			</cv:element>
			<cv:element>
				<cv:CV_GeometryValuePair>
					<cv:geometry>
						<cv:CV_DomainObject>
							<cv:spatialElement xlink:href="./foi.xml#st2"/>
							<cv:temporalElement xlink:href="./toi.xml#ti1"/>
						</cv:CV_DomainObject>
					</cv:geometry>
					<cv:value>
						<swe:Record>
							<swe:field><swe:Item>1</swe:Item></swe:field>
							<swe:field><swe:Item>9</swe:Item></swe:field>
							<swe:field><swe:Item>2</swe:Item></swe:field>
							<swe:field><swe:Item>8</swe:Item></swe:field>
							<swe:field><swe:Item>3</swe:Item></swe:field>
							<swe:field><swe:Item>7</swe:Item></swe:field>
							<swe:field><swe:Item>4</swe:Item></swe:field>
						</swe:Record>
					</cv:value>
				</cv:CV_GeometryValuePair>
			</cv:element>
			<cv:element>
				<cv:CV_GeometryValuePair>
					<cv:geometry>
						<cv:CV_DomainObject>
							<cv:spatialElement xlink:href="./foi.xml#st4"/>
							<cv:temporalElement xlink:href="./toi.xml#ti1"/>
						</cv:CV_DomainObject>
					</cv:geometry>
					<cv:value>
						<swe:Record>
							<swe:field><swe:Item>5</swe:Item></swe:field>
							<swe:field><swe:Item>6</swe:Item></swe:field>
							<swe:field><swe:Item>3</swe:Item></swe:field>
							<swe:field><swe:Item>7</swe:Item></swe:field>
							<swe:field><swe:Item>2</swe:Item></swe:field>
							<swe:field><swe:Item>8</swe:Item></swe:field>
							<swe:field><swe:Item>1</swe:Item></swe:field>
						</swe:Record>
					</cv:value>
				</cv:CV_GeometryValuePair>
			</cv:element>
			<cv:element>
				<cv:CV_GeometryValuePair>
					<cv:geometry>
						<cv:CV_DomainObject>
							<cv:spatialElement xlink:href="./foi.xml#st1"/>
							<cv:temporalElement xlink:href="./toi.xml#ti3"/>
						</cv:CV_DomainObject>
					</cv:geometry>
					<cv:value>
						<swe:Record>
							<swe:field><swe:Item>9</swe:Item></swe:field>
							<swe:field><swe:Item>8</swe:Item></swe:field>
							<swe:field><swe:Item>7</swe:Item></swe:field>
							<swe:field><swe:Item>6</swe:Item></swe:field>
							<swe:field><swe:Item>5</swe:Item></swe:field>
							<swe:field><swe:Item>4</swe:Item></swe:field>
							<swe:field><swe:Item>3</swe:Item></swe:field>
						</swe:Record>
					</cv:value>
				</cv:CV_GeometryValuePair>
			</cv:element>
			<cv:element>
				<cv:CV_GeometryValuePair>
					<cv:geometry>
						<cv:CV_DomainObject>
							<cv:spatialElement xlink:href="./foi.xml#st3"/>
							<cv:temporalElement xlink:href="./toi.xml#ti3"/>
						</cv:CV_DomainObject>
					</cv:geometry>
					<cv:value>
						<swe:Record>
							<swe:field><swe:Item>1</swe:Item></swe:field>
							<swe:field><swe:Item>2</swe:Item></swe:field>
							<swe:field><swe:Item>3</swe:Item></swe:field>
							<swe:field><swe:Item>4</swe:Item></swe:field>
							<swe:field><swe:Item>5</swe:Item></swe:field>
							<swe:field><swe:Item>6</swe:Item></swe:field>
							<swe:field><swe:Item>7</swe:Item></swe:field>
						</swe:Record>
					</cv:value>
				</cv:CV_GeometryValuePair>
			</cv:element>
			<cv:element>
				<cv:CV_GeometryValuePair>
					<cv:geometry>
						<cv:CV_DomainObject>
							<cv:spatialElement xlink:href="./foi.xml#st2"/>
							<cv:temporalElement xlink:href="./toi.xml#ti3"/>
						</cv:CV_DomainObject>
					</cv:geometry>
					<cv:value>
						<swe:Record>
							<swe:field><swe:Item>1</swe:Item></swe:field>
							<swe:field><swe:Item>9</swe:Item></swe:field>
							<swe:field><swe:Item>2</swe:Item></swe:field>
							<swe:field><swe:Item>8</swe:Item></swe:field>
							<swe:field><swe:Item>3</swe:Item></swe:field>
							<swe:field><swe:Item>7</swe:Item></swe:field>
							<swe:field><swe:Item>4</swe:Item></swe:field>
						</swe:Record>
					</cv:value>
				</cv:CV_GeometryValuePair>
			</cv:element>
			<cv:element>
				<cv:CV_GeometryValuePair>
					<cv:geometry>
						<cv:CV_DomainObject>
							<cv:spatialElement xlink:href="./foi.xml#st4"/>
							<cv:temporalElement xlink:href="./toi.xml#ti3"/>
						</cv:CV_DomainObject>
					</cv:geometry>
					<cv:value>
						<swe:Record>
							<swe:field><swe:Item>5</swe:Item></swe:field>
							<swe:field><swe:Item>6</swe:Item></swe:field>
							<swe:field><swe:Item>3</swe:Item></swe:field>
							<swe:field><swe:Item>7</swe:Item></swe:field>
							<swe:field><swe:Item>2</swe:Item></swe:field>
							<swe:field><swe:Item>8</swe:Item></swe:field>
							<swe:field><swe:Item>1</swe:Item></swe:field>
						</swe:Record>
					</cv:value>
				</cv:CV_GeometryValuePair>
			</cv:element>
			<cv:element>
				<cv:CV_GeometryValuePair>
					<cv:geometry>
						<cv:CV_DomainObject>
							<cv:spatialElement xlink:href="./foi.xml#st1"/>
							<cv:temporalElement xlink:href="./toi.xml#ti5"/>
						</cv:CV_DomainObject>
					</cv:geometry>
					<cv:value>
						<swe:Record>
							<swe:field><swe:Item>9</swe:Item></swe:field>
							<swe:field><swe:Item>8</swe:Item></swe:field>
							<swe:field><swe:Item>7</swe:Item></swe:field>
							<swe:field><swe:Item>6</swe:Item></swe:field>
							<swe:field><swe:Item>5</swe:Item></swe:field>
							<swe:field><swe:Item>4</swe:Item></swe:field>
							<swe:field><swe:Item>3</swe:Item></swe:field>
						</swe:Record>
					</cv:value>
				</cv:CV_GeometryValuePair>
			</cv:element>
			<cv:element>
				<cv:CV_GeometryValuePair>
					<cv:geometry>
						<cv:CV_DomainObject>
							<cv:spatialElement xlink:href="./foi.xml#st3"/>
							<cv:temporalElement xlink:href="./toi.xml#ti5"/>
						</cv:CV_DomainObject>
					</cv:geometry>
					<cv:value>
						<swe:Record>
							<swe:field><swe:Item>1</swe:Item></swe:field>
							<swe:field><swe:Item>2</swe:Item></swe:field>
							<swe:field><swe:Item>3</swe:Item></swe:field>
							<swe:field><swe:Item>4</swe:Item></swe:field>
							<swe:field><swe:Item>5</swe:Item></swe:field>
							<swe:field><swe:Item>6</swe:Item></swe:field>
							<swe:field><swe:Item>7</swe:Item></swe:field>
						</swe:Record>
					</cv:value>
				</cv:CV_GeometryValuePair>
			</cv:element>
			<cv:element>
				<cv:CV_GeometryValuePair>
					<cv:geometry>
						<cv:CV_DomainObject>
							<cv:spatialElement xlink:href="./foi.xml#st2"/>
							<cv:temporalElement xlink:href="./toi.xml#ti5"/>
						</cv:CV_DomainObject>
					</cv:geometry>
					<cv:value>
						<swe:Record>
							<swe:field><swe:Item>1</swe:Item></swe:field>
							<swe:field><swe:Item>9</swe:Item></swe:field>
							<swe:field><swe:Item>2</swe:Item></swe:field>
							<swe:field><swe:Item>8</swe:Item></swe:field>
							<swe:field><swe:Item>3</swe:Item></swe:field>
							<swe:field><swe:Item>7</swe:Item></swe:field>
							<swe:field><swe:Item>4</swe:Item></swe:field>
						</swe:Record>
					</cv:value>
				</cv:CV_GeometryValuePair>
			</cv:element>
			<cv:element>
				<cv:CV_GeometryValuePair>
					<cv:geometry>
						<cv:CV_DomainObject>
							<cv:spatialElement xlink:href="./foi.xml#st4"/>
							<cv:temporalElement xlink:href="./toi.xml#ti5"/>
						</cv:CV_DomainObject>
					</cv:geometry>
					<cv:value>
						<swe:Record>
							<swe:field><swe:Item>5</swe:Item></swe:field>
							<swe:field><swe:Item>6</swe:Item></swe:field>
							<swe:field><swe:Item>3</swe:Item></swe:field>
							<swe:field><swe:Item>7</swe:Item></swe:field>
							<swe:field><swe:Item>2</swe:Item></swe:field>
							<swe:field><swe:Item>8</swe:Item></swe:field>
							<swe:field><swe:Item>1</swe:Item></swe:field>
						</swe:Record>
					</cv:value>
				</cv:CV_GeometryValuePair>
			</cv:element>
		</cv:CV_DiscreteCoverage>
	</om:result>
</om:Observation>
